,asin,product_title,product_price,product_original_price,currency,product_star_rating,product_num_ratings,product_url,product_photo,product_num_offers,product_minimum_offer_price,is_best_seller,is_amazon_choice,is_prime,product_availability,climate_pledge_friendly,sales_volume,delivery,has_variations,reviews
0,B0CMPLL2QT,"Apple iPhone 15, 128GB, Pink - T-Mobile (Renewed)",$552.91,,USD,4.5,435,https://www.amazon.com/dp/B0CMPLL2QT,https://m.media-amazon.com/images/I/518kWmvxAgL._AC_UY654_FMwebp_QL65_.jpg,12,$534.51,False,False,True,Only 5 left in stock - order soon.,False,100+ bought in past month,"FREE delivery Fri, Aug 2 Only 5 left in stock - order soon.",True,"['Phone came really fast. I bought the phone on July 20th, phone was expected to arrive by Wednesday but instead came by today which is Monday. Phone is in excellent condition and everything works perfectly. It doesn‚Äôt come with the original box or charger however a charger is provided which charges really fast! I would definitely buy again! Also comes with no scratches whatsoever!', 'I ordered this phone because it was cheaper than a renewed one on the Apple site. I did watch a lot of videos about fake iPhone 15. And this one passed all the tests. I was happy to see that the battery is 100% capacity. And it only had eight cycles when I got it. There was a tiny bit of scratching on the screen, but with the screen protector I put on I can‚Äôt even tell. I think I will keep getting Amazon renewed phones from now on. My last phone was an iPhone RX so this is a huge upgrade.', 'I bought a iphone 15 for my son and it came on time the phone works great tmobile was surprised to see a phone actually works at a cheap price. Phone is in good condition good deal I will be useing them again for all my other kids.', 'My renewed iphone came with very minimal defects (1 or 2 small one on the sides). Almost to small to notice. The screen was protected by a protector and also a sleeve on top of a plastic bag. The box it came in was secure on all sides and the phone was placed in a plastic holder. Ive used the phone for almost 2 days and have 0 issues or concerns. The phone only took 3 days to ship!', 'Upgraded from my iPhone 11 that was suffering due to poor battery health after many years of use. Was nervous about buying a refurbished iPhone but thought that Amazon is a trusted shopping center that I might give it a try to buy the new iPhone 15 for a discount through this seller. This iPhone 15 is a great upgrade. I watched a few videos online to make sure this phone was authentic and from my observation it is just like new. The phone came with 100% battery health and only 12 cycles on it. Battery works really well. Has a 5G connection and setting up the phone with my cell carrier Verizon was a breeze with e-sim feature. The phone came with a charger as well. The camera takes really great quality photos as well (Picture of the pink rose is the iPhone 15‚Äôs camera quality). You should expect to find all iPhone 15 features on this phone, including the Dynamic Island, if you so choose to purchase this refurbished model. The only fault on this phone is that it heats up every time I‚Äôm on a video call. However, through research it seems this problem might be the same with all iPhone 15 models through Apple. After my experience shopping for this new phone I would consider buying a refurbished device in the future with Amazon again as well. Such a great deal for a new phone.', ""It was time for me to upgrade my old iPhone 7 since it was not updating to the latest iOS. I researched and decided I got the best bang for my buck if I went for the iPhone 15 rather than the iPhone 13. The quality of the unlocked refurbished phone is outstanding. It's just like new except for the packaging. I especially appreciate the much longer battery life as my previous phone I had to recharge constantly during the day. On this one the battery lasts all day. I haven't had the opportunity to use the camera often but it seems there are a few nice options on there. The extra black space at the top of the phone shows any extra application you may be using in tandem with what's on the face of the phone. This is really handy, for example, if you're using the Google navigation and go away from that to check your messages."", 'Screen shows some pink lines in the sunlight but seems to work fine', 'Phone came as described. Color was great, battery life was 100%', 'I just bought the iPhone 15 with 256Gb memory for $710. The battery had 2 cycles on it. Manufactured in Dec 2023. First used May 2024. Easy set-up with eSIM (just to type in the IMEI) and super simple transfer of data from my trusted, but aging iPhone 7+. The phone had no scratches - condition as new (excellent). What is not to like üòÇ Happy to spend $200 less üòä', 'Returned waiting for return from Affirm, who has been harassing me, (threatening my credit rating) for payment.\n\nSeller was great. Easy to message. Quick to respond.\n\nHoping Affirm follows through, need to contact Amazon CUSTOMER SUPPORT. Hoping to avoid a hassle.']"
1,B0CMT39J9B,"Apple iPhone 15 Plus, 128GB, Blue - Unlocked (Renewed)",$697.83,$750.00,USD,4.6,272,https://www.amazon.com/dp/B0CMT39J9B,https://m.media-amazon.com/images/I/51-RPOw693L._AC_UY654_FMwebp_QL65_.jpg,11,$669.99,False,False,False,Only 2 left in stock - order soon.,False,100+ bought in past month,"FREE delivery Sat, Aug 3 Or fastest delivery Fri, Aug 2 Only 2 left in stock - order soon.",True,"[""I was skeptical of a refurbished phone, but it was perfect. Basically brand new quality, battery life was 100%, and setup with Tmobile easily. I have great connection, screen looks awesome, camera works as expected. Definitely worth it over buying brand new. Shipping was on time, although you need to sign for it so make sure you're home, otherwise you will need to go to the fedex office.\n\nWould buy again!"", 'The phone was in great conditions, almost new I would say, no scratches and working perfectly. I am super satisfied with this purchase that was for my wife.', 'Phone arrived in great condition. Arrived a day earlier than expected. Minor scratches but nonexistent once a screen protector was placed on. Overall, amazing phone quality with 100% Battery capacity. Highly recommend. Thanks DirectCertified :)', 'Love The Phone !! Works Great ,Arrived In Perfect Condition. Battery Life Is Good also Everything Works Great So Far.. I Would Recommend This Seller', 'Phone came in quick, no scratches nothing wrong with the phone, came unlocked. It is beautiful, totally worth it. Battery at 100. Practically a brand new phone. Transferring over to eSIM was a little hard just because I have straight talk but customer service helped and got everything running perfectly.', 'I didn‚Äôt know what to expect based off of the reviews and was kind of scared to purchase this phone Since it is refurbished. I have ordered two refurbished iPhones off of Amazon before and both of them were amazing. I received the phone with 100% battery health, a cycle count of nine, in perfect condition AND It came with a screen protector already on it and a charger charger in the box with a block. I would definitely buy from here again and love this purchase!!! highly recommend', 'So this same phone , color , and storage is around 1300 plus from Apple not to mention if you‚Äôre even lucky enough to find it in stock. With that being said I did pay around 200-300 less ,which is a pro , however there is some cons .\n\nCons ; shipping took about 1 week which isn‚Äôt long , just long for Amazon .\nAlso phone was refurbished so there was sadly some small knicks on the top of the phone frame but nothing to crazy , screen was almost perfect , had super minor scratches but wouldn‚Äôt even be able to see if you cleaned it good and like us had a screen protector ,\nThe review that says it wasn‚Äôt unlocked is wrong , phone just needed to be brought to Metro or whatever carrier you‚Äôre taking it to and they charge 25 plus tax to activate it ,\n\nWill all that I think those minor inconveniences was worth the 300 dollar discount you get for buying a refurbished phone with Amazon , I hope this review helped . Also my girl loved the phone and the battery life was 100 percent and the storage was the 256 rn indeed .', 'Phone is pristine. Would never know it is a refurbished phone. Highly recommend. Had a small issue that was not sellers fault but I had called him and left a message and he returned call to take care of the issue but was already taken care . Was very nice and professional. Thought I‚Äôd only get the charger cord but it actually came with the wall plug as well. Phone came 3 days earlier than expected!!! Was a very easy transaction.', 'Received this phone and it was in exceptional shape with 100% battery capability. I was only slightly skeptical based off a few YouTube video reviews but pulled the trigger anyway since my father had received a 14 Pro previously and was happy with his. I was blown away with this one though. It was literally a new phone, it was manufactured September of 2023 and first activated in February of 2024 (happened across this info in the settings at one point), with my purchase and activation being in April 2024. I would imagine that plays a part when making a purchase of a renewed / remanufactured phone, however. Since the 15 series are still relatively new, chances of getting a better phone as compared to a 14 or older is fairly high. I would not change anything on my purchase, and if you are considering getting an older iPhone from the Amazon store, I would suggest getting one from the current generation. Research what model would work best for you and then order that one rather than trying to save money and getting an older model thinking it will simply be cheaper. Features and updates alone make the newer ones worth it, and that‚Äôs coming from someone who had an iPhone 4S when they were coming out with the 6, replaced the 4S with a 6 Plus when the 8 was coming out, and just replaced the 8 Plus with the 15 Plus. Food for thought. Newest is not always best, but if you wait and replace your previous iPhone that is multiple generations old, new is a huge step up and I think Amazon renewed is the way to go.', 'Pretty much a brand new phone, battery came at 100% health with cycle count being only 2. Battery lasts shorter than I expected tho, not sure if they replaced the original battery with a fake one or if my expectations were too high because of what I had read. Overall would recommend!']"
2,B0CRJ1JNNS,"Apple iPhone 15, 128GB, Blue - Unlocked (Renewed Premium)",$700.12,$734.97,USD,4.1,41,https://www.amazon.com/dp/B0CRJ1JNNS,https://m.media-amazon.com/images/I/51ivvr4eBGL._AC_UY654_FMwebp_QL65_.jpg,6,$699.00,False,False,True,Only 5 left in stock (more on the way).,False,50+ bought in past month,"FREE delivery Mon, Aug 5 Only 5 left in stock (more on the way).",True,"['beautiful phone, no damage or scratches anywhere on it. the only issue i had was setting up the esim, but after an hour on the phone with useless customer support (my phone carrier, not the seller or apple) i figured it out on my own. battery is in 100% health. i upgraded from my iphone 11 because i was having issues with not having enough storage (apps were not working, messages not sending, very slow and freezing randomly, resetting and sitting on a loading screen almost constantly) this is definitely the perfect upgrade for me, and i saved some money getting it refurbished. very worth it in my opinion. seems pretty durable and the camera is awesome. i was a little worried about delivery but this came on time as expected and came to the right place. i wish it would have came with the original cable, but no issue with the one it came with. great performance and no issues.', ""The phone is top notch, a worthy investment. I couldn't afford this phone full price and new. This is a great alternative to get an awesome quality phone and stand in solidarity with those affected by global injustices against BIPOC populations. Every small step counts in making a difference.\n\nI think that is all the reason one needs to purchase this product."", 'Ok first, nothing cosmeticly wrong with the phone, it looks fantastic!\n\nBUT!!!!\nPhone arrived completely dead, and that is not healthy for a battery whatsoever. A healthy battery charge for storage is 50-80% Tried plugging it in but the charger that came with the phone doesn‚Äôt work!!! Left plugged in for 30 minutes with no charging happening. Luckily I have other USB c chargers and was able to get it charged. Did some swapping around and the cable is fine but the brick is junk.\n\nThe E sim was easy to deal with just have to go to your carrier and give them your # and have them activate it.\n\nOver all happy with it, it just sucks to receive a phone with 1% charge coming from storage, especially when paying nearly $800 for a phone.', 'This phone has met all my expectations! Arrived on time, in great condition, easy setup. Perfect size for me love it!!', 'Received at 100% battery. No issues so far!!', 'I was scared ordering something so expensive from Amazon but it got here quick and it‚Äôs in perfect condition my battery life is 100 percent and not one single scratch', ""Came super fast (of note you must be present for delivery eg sign for it), was in great shape looked like new and was super super easy to set up, cell service transfer super super easy - no sim card did transfer w/o an issue.  Of note the charging cable is not the standard iphone charger we are all use to. It's a new size so your old cables won't work with this phone."", 'I love my phone it‚Äôs nice shiny working great!!', 'Bueno', 'Great quality product that was like new.']"
3,B0CMYXFK3R,"Apple iPhone 15 Pro, 256GB, Blue Titanium - Unlocked (Renewed)",$893.99,,USD,4.3,309,https://www.amazon.com/dp/B0CMYXFK3R,https://m.media-amazon.com/images/I/71ruCmYLf1L._AC_UY654_FMwebp_QL65_.jpg,14,$859.00,False,False,False,Only 19 left in stock - order soon.,False,100+ bought in past month,"FREE delivery Sat, Aug 3 Or fastest delivery Fri, Aug 2 Only 19 left in stock - order soon.",True,"[""I'm coming from an S22 to the IPhone 15 Pro, been waiting for the day that Apple becomes almost on par with android and I chose the right phone to do so. I was worried that I would get a beat up phone that is still functional but surprisingly it was about fine, like 9.5/10 fine, all there was that showed it was renewed was a slight scratch on the screen that I didn't notice until few days later. Battery life, it all depends on how you use the phone but for every day of my use I've had absolutely incredible battery life, going to work, gym, hangouts and such, this phone lasts me all day! Performance is amazing which is to be expected from Apple, the IPhone's are already smooth be default with their animations, now imagine that with 120hz display... if you know what that is lol. The back of the phone is smooth and if you don't want it slipping then I highly recommend a case. Display is amazing which is no surprise for OLED, I accidentally dropped mine on the corner of my table and thought I killed my phone but it survived without a scratch. OS I like it alot especially with the apps they supply you with that you can uninstall of your choosing, this all depends on the user's preference. I do wish Apple placed the Action button where the power button is But I'll live, if you're left handed then you'll be fine. Overall, if you want a phone that works well.. this is your phone"", ""Appears virtually new - just a minuscule scratch on the screen, which I can't even notice once I put on the screen protector.  Shipping was quick as well. Battery dates to June 2023, first use Sept 2023, and battery health at 100%.  I am very satisfied with the purchase."", 'Arrived quickly, it was well-packed, and I could literally not tell that it was used. The battery still had 100% health, there were no visible scratches or blemishes, and it functions fine', 'My phone has 100% battery health and visually it‚Äôs perfect except for a very very tiny scratch on the left side of the screen that is totally impossible to see unless you hold it up to the light at a very specific angle. The only reason I‚Äôm not giving it a 5 out of 5 stars is because I think the battery on the iPhone 15 pro just doesn‚Äôt last long enough but if you want to get a new phone with a couple hundred bucks off or so my refurbished one was basically as good as new! I definitely don‚Äôt regret it.', 'Was a little skeptical buying such an expensive phone off of amazon‚Äî but it was well worth it! The quality and camera quality alone sold it for me. It was extremely easy to set up and has the clearest screen I have ever seen. Very durable and so far has been scratch resistant. You won‚Äôt be able to find a better price out there‚Äî just keep in mind it does not come with anything more than the phone (ex. No charger included).', 'So I got this to give it a shot. Was going to save me money compared to buying it new. Buying this product saved me $150 and I got the device how it was described. No scuffs or marks. 100% battery health, and the phone worked with my carrier and I able to use it. I have used this device for two weeks now and I can say I am very happy with my purchase. I gave the phone some new life and it was a more green approach. I am enjoying this device and made my trip back to iOS a nice one to return too.\n\nNow for the actual phone review part: came from an iPhone 13 Pro to an S24 Ultra, and now a 15 pro. I can say I am happy to be back on iOS. S24 crashed a lot and had cellular issues. This device has had no cellular issues, I can notice it is faster than what my 13 pro was, and with casual use the battery will last two days like the 13 pro. Also the phone is lighter than the 13 pro so that is also a plus. I am happy with my purchase and would recommend buying excellent refurbished. Just remember it is a gamble, but was one well made.', ""I was skeptic about trying out a used phone and had my concerns with the item about the battery life mainly. The phone is doing great job and after some adjustments within the settings I have my battery life up to 2.5 days before it 100% dies. In comparison to a new one, cause my girlfriends got one from the apple store (same make/model), I see that her phone does last a few extra hours longer on the last day but that's it. So this was a great buy and great experience and would recommend this product to anyone.\n\nFor the delivery the phone came with no scratches or dings and looked brand new. It's like a brand new phone :)"", 'The iPhone itself seems new, there were no scratches or blemishes as far as I saw. The battery health was 100% so that‚Äôs good. Transferring the data and eSIM was simple and I had no issues with that. It also arrived earlier than expected so that‚Äôs a plus but now I have to wait for the screen protector and a case to arrive. My only issue is that it could‚Äôve been packaged better. The protective stickers looked like they were just slapped on in a rush and when I took it off there was glue left on the back cameras which I had to spend time cleaning. There‚Äôs still some residue left. The second pic shows what the iPhone came in. So far so good overall. Will wait and see if any issues pop up in terms of functionality.', ""I've been using this phone for about a month now with zero issues! It looks and performs like a brand new model. I also traded in my old phone to Amazon with no problems. I was skeptical about this purchase but now I'd highly recommend going the refurbished route. It's so much cheaper than going through the Apple store."", 'I was super nervous üò¨ to get a ‚ÄúRefurbished‚Äù iPhone. But let me tell you something. The phone looks brand new with no scratches, dents, or scuff marks. I checked the battery cycle and it was only fully charged ~56x. I also checked for the repair history and no parts were replaced according to the iPhone‚Äôs history.\n\nThis phone does not come with the 1 year warranty from Apple, but considering the money I saved I am ok with that.\n\nSince this is a refurbished phone I received all 3rd party accessories such as iphone box, usb-c cable, usb-c 20w adapter, screen protector.\n\nThe only negative I have is the screen protector was made for the 2020 6.1 iphone. As this fits over the screen it does fit the edges of the iPhone 15. This should really come with the proper screen protector.\n\nOverall, if you want to save some money I would recommend trying this first before buying as new.']"
4,B0CLMGHDBV,Apple iPhone 15 Pro Max / 256GB / Black Titanium - MU663LL/A (SIM Free),"$1,429.96",,USD,4.4,17,https://www.amazon.com/dp/B0CLMGHDBV,https://m.media-amazon.com/images/I/81UKVHM77GL._AC_UY654_FMwebp_QL65_.jpg,2,"$1,287.55",False,False,False,,False,50+ bought in past month,FREE delivery Aug 5 - 7,False,"['Buen producto y nuevo', 'Happy with the product. Though bugger than anticipated.', 'Most storage. Just a bit larger then my last Iphone but still fits in my yoga pants pocket.', 'This is an incredible iPhone! I have had iPhones starting with version 3. The incredible zoom on the Max is worth the extra cost for the Max alone. Add a Smallrig Mobile Video Kit to it and you have a photo powerhouse. I love the big screen to see what I am taking.\nSmallrig: https://amzn.to/3X3Ln31\n\nBecause the Smallrig Case is thick you might need a cable extension depending on the charger cable you use. This one is the ultimate in price and features:\nCable: https://amzn.to/3RaJc9X\n\nThe LED lights you can add to the Smallrig are awesome. I use mine a lot for product photography. You have a studio in the palms of your hands! You can mount them in your studio also.\nLED: https://amzn.to/3KqYeos\n\nThere is a super cool hard drive enclosure for the iPhone I hope to get soon to shoot pro video. It magnetically attaches to the back of the iPhone. Amazing.\nhttps://amzn.to/4bFOClt\n\nIf this review helps let me know‚Ä¶', 'ok', 'I love my iPhone. I\'ve had great experiences with multiple iPhones. I have almost nothing bad to say about iPhones.\n\nSo, why the 1-star review? iPhone theft & loss insurance, which is offered with virtually every iPhone purchase. Just don\'t do it. It\'s a waste of money. Don\'t take my word for it, search Google for iPhone theft & loss scam.\n\nHere\'s the deal: Apple farmed out this plan to the AIG insurance company. They are not a good insurance company (once again, don\'t take my word for it, search AIG is a terrible company and you\'ll get endless stories about the terrible workplace culture, how they helped trigger the great recession, and how they lie/cheat/steal on things like iPhone theft & loss).\n\nWhile there are plenty of stories out there for your reading displeasure, I\'ll recount my daughter\'s - which is identical to thousands of others. She had her phone stolen while out at a bar. She realized within moments that it was gone, so she used another device for Find My Phone and saw that it was already on moving away from her location. She immediately contacted Apple and they told her to follow their recommended steps in case of theft, which includes locking the phone. By the time she finished this, the phone had disappeared (the thief likely turned it off).\n\nThe next day she filed a claim under theft & loss. It was denied because AIG requires that Find My Phone be on for the ""entirety of the claims process."" So, her insurance was ""voided"" by the thief doing what they usually do - turning off the phone so that the actual owner can\'t find it. Same will almost certainly happen if you drop it in a lake or have it run out of juice after being misplaced.\n\nBuying theft & loss coverage from Apple is literally just giving AIG money for something they most likely won\'t honor. Sure, it\'s only a few bucks a month, but if you\'re going to throw money away, do it on something less frustrating.']"
5,B0CRJJBBPY,"Apple iPhone 15 Pro Max, 256GB, Black Titanium - Unlocked (Renewed Premium)","$1,085.75",,USD,3.8,8,https://www.amazon.com/dp/B0CRJJBBPY,https://m.media-amazon.com/images/I/31+hYY59fPL._AC_UY500_FMwebp_QL65_.jpg,4,"$1,041.57",False,False,True,,False,100+ bought in past month,"FREE delivery Mon, Aug 5",False,"['It does get hot initially when charging, but this is a known thing for even newer iPhone 15 pro maxes. It eventually goes away! Plus, if you are really that worried, just get a case and you wont have to worry about the heat even though it goes away. It is renewed premium so you have literally a whole year to return it if anything goes wrong... Anyways, funnily enough because of the 1 year return warranty, i suggest you get this over a new iphone 15 pro max that has like 15-30-90 day return policy because ""renewed premium"" has 365 days, just saying.', 'Poor quality screen was scratched and corner had a chunk out of returned june 12 th no refund received yet', ""I paid the extra $100 for refurbished premium from networkstore and the iphone I received had only been powered on once, was brand new with no flaws whatsoever looked like it came straight from a brand new box and repackaged.\n\nThe only downside is you don't get the original box to throw away after unboxing, but for $400 less than MSRP that isn't an issue. Didn't want to risk $500 off a regular refurbished"", 'Very happy and satisfied with my purchase, there is no way to say that it is renewed, great condition without any scratches and battery life working 100%.', 'üëéüèª']"
6,B0CRJNP7DH,"Apple iPhone 15, 128GB, Black - T-Mobile (Renewed Premium)",$706.44,,USD,,0,https://www.amazon.com/dp/B0CRJNP7DH,https://m.media-amazon.com/images/I/31D4BM+RLkL._AC_UY500_FMwebp_QL65_.jpg,1,$706.44,False,False,True,Only 6 left in stock - order soon.,False,,"FREE delivery Fri, Aug 2 Only 6 left in stock - order soon.",False,[]
7,B0CMZDBVWT,"Apple iPhone 15 Pro Max, 256GB, Blue Titanium - Unlocked (Renewed)","$1,038.50","$1,110.00",USD,4.3,234,https://www.amazon.com/dp/B0CMZDBVWT,https://m.media-amazon.com/images/I/61rDLIISfiL._AC_UY654_FMwebp_QL65_.jpg,1,"$1,038.50",False,False,False,Only 1 left in stock - order soon.,False,100+ bought in past month,FREE delivery Aug 6 - 8 Or fastest delivery Aug 5 - 7 Only 1 left in stock - order soon.,True,"['It took time to convince myself to try a refurbished phone, but I‚Äôm so glad I did. I really wanted this model and I didn‚Äôt want to be tied to a carrier. The phone is beautiful - scratch-free, looks brand new, battery charges fully and lasts a very long time. I‚Äôve had no issues at all. It came with a charger and was all packaged very well. It was super easy to transfer everything on my old iPhone to this one, and then to transfer service using eSIM. I received advance communication from the seller about how to contact them if there is any problem with the phone, which was reassuring. I‚Äôm very happy with this purchase, the seller, and the phone itself.', 'Love love LOVE my new phone!\nIt was in perfect order upon arrival. A little bit of a learning curve moving from android to iPhone but I have lots of support. I‚Äôm learning quickly.\nThe quality of the phone is great. I can‚Äôt even tell that it‚Äôs a ‚Äúrenewed‚Äù phone. Love it and thank you.', 'This was cheaper than buying it brand new from the Apple Store. It came with no scratches on it and battery life was 100% with at the time 3 charging cycles. I haven‚Äôt had any issues with charging, battery lasts for a really long time. The camera quality is amazing. (A major step up from my iPhone XR) . All in all a good phone. It was delivered fast with no issues as well.', 'This phone was labeled as in ""Excellent"" condition but when it arrived it had significant scratches on he screen. I tried using it anyway but it was buggy and now the speaker isn\'t working. I tried contacting the merchant through Amazon\'s system but that kept locking up and is pretty limited anyway. I will be returning this.', 'This phone was in excellent condition. It did not have any scratches or wear on it. Did not have any problem  activating it. Really liked the condition the phone was in. The only thing it did not have was the original phone charger. It came with another charger but besides that everything else was in excellent conditions..', ""The phone I received was like brand new - no scratches, no marks, battery life is 100% and the phone is even still under warranty!  However, the vendor raises and lowers prices on these phones for no apparent reason.  Just one hour after I purchased it, the price dropped $23 and then dropped another couple dollars a couple hours later but CertifiedDirect refused to honor the lower price and give me a partial refund.  They claimed they couldn't due to coupons or sales. However, there was no sale and no coupon was used or requested.  The prices just fluctuate and they would not honor the lower price even though it changed less than 60 minutes after I purchased the phone."", 'The iPhone looks like brand new.', ""Used is something that I have always been hesitant about. I tool a gamble cause for $1050 for this phone right now is a good deal. I got the device and was impressed by the condition. Outside cosmetically was in great condition and battery health was perfect. Only issue was a deep scratch on the display. Bought excellent condition, and that to me wasn't excellent. However, with how good of condition everything else was I would definitely take a gamble. Cause if you get the right one then it more environmentally friendly and you get a great deal. They seller was understanding with the return process. Would recommend."", 'This refurbished item is great except something is wrong with the touch sensor on the phone.', 'I really love it this new iPhone pro max it‚Äôs so easy to transfer my stuff my old phone to new phone and most important thing is transfer my phone number wow']"
8,B0CRJTPR6T,"Apple iPhone 15 Pro Max, 256GB, White Titanium - Unlocked (Renewed Premium)","$1,096.01",,USD,3.1,22,https://www.amazon.com/dp/B0CRJTPR6T,https://m.media-amazon.com/images/I/31Solq9-fsL._AC_UY500_FMwebp_QL65_.jpg,4,"$1,007.40",False,False,True,,False,50+ bought in past month,"FREE delivery Mon, Aug 5 Or fastest delivery Fri, Aug 2",True,"['i was needed a phone and thought I will Try the Renewal as it has a year return time .\nUnless I say to some one that this is a renewed phone, its difficult to identify its renewed phone. I got a phone with no scratch, dent or any signs of prior usage.\n\nI have using it last two weeks and It has been going good. I charge my battery every day  for an hour or two and it stands as its.\nI did experinced some heating issues during initial setup and I had cover after that which really helped.\nCharges quick, Charge stands all day and over all enjoying my new phone.', 'I love this phone but the charger is generic brand, it‚Äôs does not work and I tried different plugs. I would rate 5 stars if the charger works. I tired to contact support but they are not very helpful. I don‚Äôt understand, this is one of expensive phone but the charger does work? It‚Äôs sad.', 'I was skeptical about buying such an expensive, refurbished phone. However, I went against my better judgment and purchased the phone anyway. I purchased the premium renewed phone that was ‚Äútested by a specialist!‚Äù This specialist must‚Äôve been ready to clock out the day that my phone was tested because this phone is worthless! It‚Äôs been on the charger for over an hour and it still will not turn on!  Do not be like me and waste your money! I don‚Äôt even want a replacement phone! I‚Äôll be returning this phone tomorrow and will buy a brand new one from the store! Do better Amazon!!!!!', 'They use cheap fake parts that will cause your phone to crash. Since it‚Äôs fake parts Apple will not cover it in their hardware warranty. If you buy your screwed', 'the charger was bad with new only unique cords and a dead phone so no way to use', 'Good evening, unfortunately I am not completely satisfied, as the cell phone recharger is not charging, in addition to the charger not being original, it did not work.', 'It doesn‚Äôt focus, it‚Äôs horrible when it comes to connecting to the internet just overall a piece of junk. I switched from an IPhone 11 and if I could go back in time I would absolutely not get this. I‚Äôve taken this phone back to the store multiple times and they won‚Äôt do anything about it not working so I highly do not recommend the iPhone 15 pro max.']"
9,B0CRJ2XRBJ,"Apple iPhone 15 Plus, 256GB, Black - Unlocked (Renewed Premium)",$889.00,,USD,5,2,https://www.amazon.com/dp/B0CRJ2XRBJ,https://m.media-amazon.com/images/I/31HUkXOepnL._AC_UY500_FMwebp_QL65_.jpg,1,$889.00,False,False,True,Only 13 left in stock - order soon.,False,,"FREE delivery Mon, Aug 5 Or fastest delivery Fri, Aug 2 Only 13 left in stock - order soon.",True,['I was a little scared because I‚Äôve never purchased refurbished phone but I have to say this phone was beyond my expectations my daughter is so happy with her phone came in really good condition couldn‚Äôt even tell it was refurbished happy child happy mama']
